{
  "saveBookingDetails": [
    {
      "fullName": "Deepak",
      "dateofbirth": "06/11/1988",
      "gender": "Male",
      "mobileNo": 9876543210,
      "emailid": "deepak@gmail.com",
      "address1": "Chaudhary Park",
      "address2": "Wakad",
      "city": "Pune",
      "pincode": 411057,
      "state": "Maharashtra",
      "country": "India",
      "hotelName": "Flagship 805751 Satnam ",
      "roomName": "Keys Twin Room Non-Ac",
      "roomType": "AC",
      "checkIn": "13/01/2023",
      "roomNo": "2",
      "adults": "1",
      "child": "2",
      "price": 1500,
      "bookingStatus": "CheckedOut",
      "foodTotal": 0,
      "beverageTotal": 0,
      "totalBill": 1500,
      "id": 1,
      "mobileNumSearch": "9876543210"
    }
  ],
  "hotels": [
    {
      "id": 1,
      "hotelName": "Flagship 805751 Satnam ",
      "location": "Pune kondwa road",
      "image": "/assets/images/img1.jpg",
      "rate": 1200,
      "policyDescription": "Couples are welcome Guests can check in using any local or outstation ID proof (PAN card not accepted). As a complimentary benefit, your stay is now insured by Acko."
    },
    {
      "id": 2,
      "hotelName": "Capital O 91283 Hotel Sai ",
      "location": "Pune bund garden road",
      "image": "/assets/images/hotel.avif",
      "rate": 1500,
      "policyDescription": "It is mandatory for all guests to present valid photo identification at the time of check-in. According to government regulations, a valid Photo ID has to be carried by every person above the age of 18 staying at the hotel. The identification proofs accepted are Aadhar Card, Driving License, Voter ID Card, and Passport. Note that PAN card is not acceptable. Without an original copy of a valid ID, you will not be allowed to check-in."
    },
    {
      "id": 3,
      "hotelName": "A Hotel Siddhivinayak",
      "location": "Pune Shikrapur",
      "image": "/assets/images/hotel3.jpeg",
      "rate": 1500,
      "policyDescription": "Couples are welcome Guests can check in using any local or outstation ID proof (PAN card not accepted). As a complimentary benefit, your stay is now insured by Acko."
    },
    {
      "id": 4,
      "hotelName": "Hotel Swaraj Bar And Resto ",
      "location": "pune 412115 Maharashtra., Pune",
      "image": "/assets/images/hotel4.jpeg",
      "rate": 1500,
      "policyDescription": "The standard check-in time in Hotels is 12 noon unless mentioned otherwise in your Booking voucher. Early check-in is subject to availability. Extra charges will usually apply as per below policy:"
    },
    {
      "id": 5,
      "hotelName": "SilverKey 75992 Bhumi World",
      "location": "Amantra, Bhiwandi, Thane, Mumbai",
      "image": "/assets/images/hotel5.jpeg",
      "rate": 1500,
      "policyDescription": "Couples are welcome Guests can check in using any local or outstation ID proof (PAN card not accepted). Only Indian Nationals allowed As a complimentary benefit, your stay is now insured by Acko.This hotel is serviced under the trade name of Bhumi World as per quality standards of OYO"
    }
  ],
  "rooms": [
    {
      "id": 1,
      "roomName": "Keys Twin Room and AC",
      "roomType": "AC",
      "location": "Pune",
      "hotelId": 1,
      "price": 2000,
      "bedImages": "/assets/images/hotel1room1.avif,/assets/images/hotel1room1.avif,/assets/images/hotel1room1.avif",
      "status": 1,
      "image": "/assets/images/hotel1room1.avif",
      "description": "Did you know that we’ve got 2.5 Crore bookings since March 2020? And this is all thanks to the sanitisation & safety measures followed at our properties, from disinfecting surfaces with high-quality cleaning products and maintaining social distance to using protective gear and more."
    },
    {
      "id": 2,
      "roomName": "Keys Twin Room Non-Ac",
      "roomType": "AC",
      "location": "Pune",
      "hotelId": 1,
      "price": 1500,
      "bedImages": "/assets/images/hotel1room1.avif,/assets/images/hotel1room1.avif,/assets/images/hotel1room1.avif",
      "status": 0,
      "image": "/assets/images/hotel1room2.jpg",
      "description": "Budget stay with comfortable bed and clean washroom."
    },
    {
      "id": 3,
      "roomName": "King Size Bed With AC",
      "roomType": "AC",
      "location": "Pune",
      "hotelId": 1,
      "price": 1800,
      "bedImages": "/assets/images/hotel1room1.avif,/assets/images/hotel1room1.avif,/assets/images/hotel1room1.avif",
      "status": 0,
      "image": "/assets/images/room2.jpg",
      "description": "Affordable hotels at prime location."
    },
    {
      "id": 4,
      "roomName": "King Size Bed Non-AC",
      "roomType": "AC",
      "location": "Pune",
      "hotelId": 1,
      "price": 1500,
      "bedImages": "/assets/images/hotel1room1.avif,/assets/images/hotel1room1.avif,/assets/images/hotel1room1.avif",
      "status": 0,
      "image": "/assets/images/room1.webp",
      "description": "Away from the bustling city centre yet close enough, you will find this small haven. The hotel has a 24-hour room service, housekeeping and parking facilities. SPOT ON offers comfortable stays at affordable prices with exceeding guest expectations with every stay"
    },
    {
      "id": 5,
      "roomName": "King Size Bed Non-AC",
      "roomType": "Non-AC",
      "location": "Pune",
      "hotelId": 2,
      "price": 1500,
      "bedImages": "/assets/images/hotel1room1.avif,/assets/images/hotel1room1.avif,/assets/images/hotel1room1.avif",
      "status": 0,
      "image": "/assets/images/hotel2room1.avif",
      "description": "Affordable hotels at prime location."
    },
    {
      "id": 6,
      "roomName": "King Size Bed AC",
      "roomType": "AC",
      "location": "Pune",
      "hotelId": 2,
      "price": 1500,
      "bedImages": "/assets/images/hotel1room1.avif,/assets/images/hotel1room1.avif,/assets/images/hotel1room1.avif",
      "status": 0,
      "image": "/assets/images/hotel2room2.avif",
      "description": "The place is located near Kalyan Phata, Daighar Gaon, MumbaiBunty Residency is a fine place to stay with modern amenities. The rooms are bright and spacious with natural light streaming in from the windows. Modern furniture in the rooms makes your stay relaxing and pleasant."
    },
    {
      "id": 7,
      "roomName": "Classic",
      "roomType": "AC",
      "location": "Pune",
      "hotelId": 2,
      "price": 1500,
      "bedImages": "/assets/images/hotel1room1.avif,/assets/images/hotel1room1.avif,/assets/images/hotel1room1.avif",
      "status": 0,
      "image": "/assets/images/hotel2room3.avif",
      "description": "Complimentary Breakfast, Card Payment, Geyser, Free Wifi, Laundry, CCTV Cameras, TV, Parking Facility, AC, In-house Restaurant, Complimentary Veg Breakfast, Kitchen are among the amenities featured at this property for a comfortable stay."
    },
    {
      "id": 8,
      "roomName": "Deluxe",
      "roomType": "AC",
      "location": "Pune",
      "hotelId": 2,
      "price": 1500,
      "bedImages": "/assets/images/hotel1room1.avif,/assets/images/hotel1room1.avif,/assets/images/hotel1room1.avif",
      "status": 0,
      "image": "/assets/images/hotel2room4.avif",
      "description": "Overall it was a very comfortable stay and delighted with the support provided"
    },
    {
      "id": 9,
      "roomName": "Deluxe",
      "roomType": "AC",
      "location": "Pune",
      "hotelId": 3,
      "price": 3000,
      "bedImages": "/assets/images/hotel1room1.avif,/assets/images/hotel1room1.avif,/assets/images/hotel1room1.avif",
      "status": 0,
      "image": "/assets/images/hotel3room1.avif",
      "description": "The rooms are airy and spacious and have a large window giving a pleasant view of the surroundings. Located in a bustling area with multiple facilities, the property is at a walking distance from banks and hospitals."
    },
    {
      "id": 10,
      "roomName": "Classic",
      "roomType": "AC",
      "location": "Pune",
      "hotelId": 3,
      "price": 2500,
      "bedImages": "/assets/images/hotel1room1.avif,/assets/images/hotel1room1.avif,/assets/images/hotel1room1.avif",
      "status": 0,
      "image": "/assets/images/hotel3room2.avif",
      "description": "Functional Living Area, Refrigerator, Step Free Access, Free Wifi, 24/7 Checkin, Room Heater, Power backup, Reception, Daily Housekeeping, Kitchen, Wifi Dongle, Fire-Extinguisher, CCTV Cameras, Dining Area, Laptop Friendly, Laundry, First Aid, Buzzer/Door Bell, Private Entrance, Parking Facility, Complimentary Breakfast, Coffee/Tea Maker, Microwave, Attached Bathroom, TV, Electric Kettle are among the amenities featured at this property for a comfortable stay."
    },
    {
      "id": 11,
      "roomName": "King Size Bed AC",
      "roomType": "AC",
      "location": "Pune",
      "hotelId": 3,
      "price": 2000,
      "bedImages": "/assets/images/hotel1room1.avif,/assets/images/hotel1room1.avif,/assets/images/hotel1room1.avif",
      "status": 0,
      "image": "/assets/images/hotel3room3.avif",
      "description": "There are several restaurants nearby such as Qilaa de Vashi, Behrouz Biryani, Krispy Tales, Ovenstory Pizza and Faasos. The property is near Indraprastha Shopping Complex and Inorbit Mall."
    },
    {
      "id": 12,
      "roomName": "King Size Bed Non-AC",
      "roomType": "Non-AC",
      "location": "Pune",
      "hotelId": 3,
      "price": 2000,
      "bedImages": "/assets/images/hotel1room1.avif,/assets/images/hotel1room1.avif,/assets/images/hotel1room1.avif",
      "status": 0,
      "image": "/assets/images/hotel3room4.avif",
      "description": "Did you know that we’ve got 2.5 Crore bookings since March 2020? And this is all thanks to the sanitisation & safety measures followed at our properties, from disinfecting surfaces with high-quality cleaning products and maintaining social distance to using protective gear and more."
    },
    {
      "id": 13,
      "roomName": "Classic",
      "roomType": "Non-AC",
      "location": "Pune",
      "hotelId": 4,
      "price": 2000,
      "bedImages": "/assets/images/hotel1room1.avif,/assets/images/hotel1room1.avif,/assets/images/hotel1room1.avif",
      "status": 0,
      "image": "/assets/images/hotel4room1.avif",
      "description": "Did you know that we’ve got 2.5 Crore bookings since March 2020? And this is all thanks to the sanitisation & safety measures followed at our properties, from disinfecting surfaces with high-quality cleaning products and maintaining social distance to using protective gear and more."
    },
    {
      "id": 14,
      "roomName": "Dulex",
      "roomType": "AC",
      "location": "Pune",
      "hotelId": 4,
      "price": 2500,
      "bedImages": "/assets/images/hotel1room1.avif,/assets/images/hotel1room1.avif,/assets/images/hotel1room1.avif",
      "status": 0,
      "image": "/assets/images/hotel4room2.avif",
      "description": "The lighting of this room owes to the windows for the natural vibe during daytime and the accent lights on the statement walls for the chic vibe in the evening. Wooden interiors are enhanced by the blend of colours from the fabrics on the bed and the walls."
    },
    {
      "id": 15,
      "roomName": "Keys Twin Room and Non-AC",
      "roomType": "AC",
      "location": "Pune",
      "hotelId": 4,
      "price": 3000,
      "bedImages": "/assets/images/hotel1room1.avif,/assets/images/hotel1room1.avif,/assets/images/hotel1room1.avif",
      "status": 0,
      "image": "/assets/images/hotel4room3.avif",
      "description": "Did you know that we’ve got 2.5 Crore bookings since March 2020? And this is all thanks to the sanitisation & safety measures followed at our properties, from disinfecting surfaces with high-quality cleaning products and maintaining social distance to using protective gear and more."
    },
    {
      "id": 16,
      "roomName": "Keys Twin Room and AC",
      "roomType": "Non-AC",
      "location": "Pune",
      "hotelId": 4,
      "price": 2000,
      "bedImages": "/assets/images/hotel1room1.avif,/assets/images/hotel1room1.avif,/assets/images/hotel1room1.avif",
      "status": 0,
      "image": "/assets/images/hotel4room4.avif",
      "description": "The lighting of this room owes to the windows for the natural vibe during daytime and the accent lights on the statement walls for the chic vibe in the evening. Wooden interiors are enhanced by the blend of colours from the fabrics on the bed and the walls."
    },
    {
      "id": 17,
      "roomName": "Classic",
      "roomType": "Non-AC",
      "location": "Pune",
      "hotelId": 5,
      "price": 2000,
      "bedImages": "/assets/images/hotel1room1.avif,/assets/images/hotel1room1.avif,/assets/images/hotel1room1.avif",
      "status": 0,
      "image": "/assets/images/hotel5room1.avif",
      "description": "The lighting of this room owes to the windows for the natural vibe during daytime and the accent lights on the statement walls for the chic vibe in the evening. Wooden interiors are enhanced by the blend of colours from the fabrics on the bed and the walls."
    },
    {
      "id": 18,
      "roomName": "Dulexe",
      "roomType": "Non-AC",
      "location": "Pune",
      "hotelId": 5,
      "price": 2500,
      "bedImages": "/assets/images/hotel1room1.avif,/assets/images/hotel1room1.avif,/assets/images/hotel1room1.avif",
      "status": 0,
      "image": "/assets/images/hotel5room2.avif",
      "description": "A space for new-age travelers."
    },
    {
      "id": 19,
      "roomName": "King Size Bed AC",
      "roomType": "AC",
      "location": "Pune",
      "hotelId": 5,
      "price": 2500,
      "bedImages": "/assets/images/hotel1room1.avif,/assets/images/hotel1room1.avif,/assets/images/hotel1room1.avif",
      "status": 0,
      "image": "/assets/images/hotel5room3.avif",
      "description": "The bedrooms at the hotel become attractive due to its metallic painted and wallpaper covered walls, bringing liveliness to the whole place. The cushioned headboard offer comfort to the guests and the large windows let in the sunshine."
    },
    {
      "id": 20,
      "roomName": "King Size Bed Non-AC",
      "roomType": "AC",
      "location": "Pune",
      "hotelId": 5,
      "price": 2000,
      "bedImages": "/assets/images/hotel1room1.avif,/assets/images/hotel1room1.avif,/assets/images/hotel1room1.avif",
      "status": 0,
      "image": "/assets/images/hotel5room4.avif",
      "description": "this is a comfortable stay with affordable prices."
    }
  ],
  "posts": [
    {
      "id": 4,
      "fname": "Nihal",
      "lname": "Singh",
      "mobile": "8584567564",
      "address": "Nagpur",
      "Designation": "Owner"
    },
    {
      "id": 5,
      "fname": "Yamini",
      "lname": "Pardhi",
      "mobile": "8786767676",
      "address": "Balaghat",
      "Designation": "Owner"
    },
    {
      "id": 6,
      "fname": "Ishi",
      "lname": "Gupta",
      "mobile": "6767759686",
      "address": "Firozabad",
      "Designation": "Owner"
    }
  ]
}